{"regist_target_img_scalef": 1.0, "tissue_hires_scalef": 0.6666667, "tissue_lowres_scalef": 0.2, "fiducial_diameter_fullres": 22.741010123623237, "spot_diameter_fullres": 15.160673415748823}